sample	cell	source	sin	read_type	annotation_source	HHU_complete
HG00096	JAX_HiFi_HG00096_m64039_220211_040031	JAX	SIN:00096	HiFi	20230306_hgsvc_hifi_cell-jax.tsv	yes
HG00096	JAX_HiFi_HG00096_m64039_220218_071556	JAX	SIN:00096	HiFi	20230306_hgsvc_hifi_cell-jax.tsv	yes
HG00096	JAX_HiFi_HG00096_m64119_220224_171953	JAX	SIN:00096	HiFi	20230306_hgsvc_hifi_cell-jax.tsv	yes
HG00096	20220405_220329_21-lee-006_PC24B149_3D	JAX	SIN:00096	ONT	20230306_hgsvc_ont_cell-jax.tsv	yes
HG00096	20220408_220405_21-lee-006_PC24B149_2D	JAX	SIN:00096	ONT	20230306_hgsvc_ont_cell-jax.tsv	yes
HG00096	20220412_220407_21-lee-006_PC24B149_2D	JAX	SIN:00096	ONT	20230306_hgsvc_ont_cell-jax.tsv	yes
HG00171	m54329U_220205_003428	UW	SIN:00171	HiFi	20230310_hgsvc_hifi_cell-UW.tsv	yes
HG00171	m54329U_220212_223600	UW	SIN:00171	HiFi	20230310_hgsvc_hifi_cell-UW.tsv	yes
HG00171	m54329U_220214_093304	UW	SIN:00171	HiFi	20230310_hgsvc_hifi_cell-UW.tsv	yes
HG00171	20220913_HG00171_UL_eee-prom1-1E-PAM52641_guppy-6	UW	SIN:00171	ONT	20230310_hgsvc_ont_cell-UW.tsv	yes
HG00171	20220913_HG00171_UL_eee-prom1-1F-PAM54734_guppy-6	UW	SIN:00171	ONT	20230310_hgsvc_ont_cell-UW.tsv	yes
HG00171	20220920_HG00171_UL_eee-prom1-1B-PAM64621_guppy-6	UW	SIN:00171	ONT	20230310_hgsvc_ont_cell-UW.tsv	yes
HG00171	20221011_HG00171_UL_eee-prom1-1A-PAM78120_guppy-6	UW	SIN:00171	ONT	20230310_hgsvc_ont_cell-UW.tsv	yes
HG00171	20221011_HG00171_UL_eee-prom1-1B-PAM78131_guppy-6	UW	SIN:00171	ONT	20230310_hgsvc_ont_cell-UW.tsv	yes
HG00171	20221013_HG00171_UL_eee-prom1-1A-PAM78120_guppy-6	UW	SIN:00171	ONT	20230310_hgsvc_ont_cell-UW.tsv	yes
HG00171	20221013_HG00171_UL_eee-prom1-1B-PAM78131_guppy-6	UW	SIN:00171	ONT	20230310_hgsvc_ont_cell-UW.tsv	yes
HG00171	20221018_HG00171_UL_eee-prom1-1A-PAM70063_guppy-6	UW	SIN:00171	ONT	20230310_hgsvc_ont_cell-UW.tsv	yes
HG00171	20221101_HG00171_UL_eee-prom1-1A-PAM78908_guppy-6	UW	SIN:00171	ONT	20230310_hgsvc_ont_cell-UW.tsv	yes
HG00171	20221213_HG00171_UL_eee-prom1-2A-PAG67767_guppy-6	UW	SIN:00171	ONT	20230310_hgsvc_ont_cell-UW.tsv	yes
HG00171	20221214_HG00171_UL_eee-prom1-2A-PAG67767_guppy-6	UW	SIN:00171	ONT	20230310_hgsvc_ont_cell-UW.tsv	yes
HG00268	JAX_HiFi_HG00268_m64039_210116_000705	JAX	SIN:00268	HiFi	20230306_hgsvc_hifi_cell-jax.tsv	yes
HG00268	JAX_HiFi_HG00268_m64119_210113_164007	JAX	SIN:00268	HiFi	20230306_hgsvc_hifi_cell-jax.tsv	yes
HG00268	JAX_HiFi_HG00268_m64119_210121_165545	JAX	SIN:00268	HiFi	20230306_hgsvc_hifi_cell-jax.tsv	yes
HG00268	20210903_210825_21-lee-006_PCT0053_2-A1-D1	JAX	SIN:00268	ONT	20230306_hgsvc_ont_cell-jax.tsv	yes
HG00268	20210913_210831_21-lee-006_PCT0053_2-A1-D1	JAX	SIN:00268	ONT	20230306_hgsvc_ont_cell-jax.tsv	yes
HG00358	JAX_HiFi_HG00358_m64039_211122_182856	JAX	SIN:00358	HiFi	20230306_hgsvc_hifi_cell-jax.tsv	yes
HG00358	JAX_HiFi_HG00358_m64039_211203_172706	JAX	SIN:00358	HiFi	20230306_hgsvc_hifi_cell-jax.tsv	yes
HG00358	JAX_HiFi_HG00358_m64039_211211_155133	JAX	SIN:00358	HiFi	20230306_hgsvc_hifi_cell-jax.tsv	yes
HG00358	JAX_HiFi_HG00358_m64039_211220_201243	JAX	SIN:00358	HiFi	20230306_hgsvc_hifi_cell-jax.tsv	yes
HG00358	JAX_HiFi_HG00358_m64119_211213_170947	JAX	SIN:00358	HiFi	20230306_hgsvc_hifi_cell-jax.tsv	yes
HG00358	20220211_220202_21-lee-006_PC24B149_1F	JAX	SIN:00358	ONT	20230306_hgsvc_ont_cell-jax.tsv	yes
HG00358	20220215_220209_21-lee-006_PC24B149_2E	JAX	SIN:00358	ONT	20230306_hgsvc_ont_cell-jax.tsv	yes
HG00358	20220315_220308_21-lee-006_PC24B149_3D	JAX	SIN:00358	ONT	20230306_hgsvc_ont_cell-jax.tsv	yes
HG00512	S64018_PL100139347-1_A01	UMIGS	SIN:00512	HiFi	20230308_hgsvc_hifi-umigs.old.tsv	yes
HG00512	S64018_PL100139347-1_C01	UMIGS	SIN:00512	HiFi	20230308_hgsvc_hifi-umigs.old.tsv	yes
HG00512	S64018_PL100139347-2_A01	UMIGS	SIN:00512	HiFi	20230308_hgsvc_hifi-umigs.old.tsv	yes
HG00512	S64018_PL100139347-2_B01	UMIGS	SIN:00512	HiFi	20230308_hgsvc_hifi-umigs.old.tsv	yes
HG00512	S64049_PL100139347-2_A01	UMIGS	SIN:00512	HiFi	20230308_hgsvc_hifi-umigs.old.tsv	yes
HG00512	S64049_PL100139347-2_B01	UMIGS	SIN:00512	HiFi	20230308_hgsvc_hifi-umigs.old.tsv	yes
HG00512	20220425_220420_21-lee-006_PC24B149_3F	JAX	SIN:00512	ONT	20230306_hgsvc_ont_cell-jax.tsv	yes
HG00512	20220503_220427_21-lee-006_PC24B149_3E	JAX	SIN:00512	ONT	20230306_hgsvc_ont_cell-jax.tsv	yes
HG00512	20220503_220429_21-lee-006_PC24B149_1D	JAX	SIN:00512	ONT	20230306_hgsvc_ont_cell-jax.tsv	yes
HG00513	20190920_S64018_PL100139348-1_D01	UMIGS	SIN:00513	HiFi	20230308_hgsvc_hifi-umigs.old.tsv	yes
HG00513	20191004_S64018_PL100139348-1_D01	UMIGS	SIN:00513	HiFi	20230308_hgsvc_hifi-umigs.old.tsv	yes
HG00513	S64018_PL100139348-1_B01	UMIGS	SIN:00513	HiFi	20230308_hgsvc_hifi-umigs.old.tsv	yes
HG00513	S64018_PL100139348-1_C01	UMIGS	SIN:00513	HiFi	20230308_hgsvc_hifi-umigs.old.tsv	yes
HG00513	S64049_PL100139348-2_C01	UMIGS	SIN:00513	HiFi	20230308_hgsvc_hifi-umigs.old.tsv	yes
HG00513	S64049_PL100139348-2_D01	UMIGS	SIN:00513	HiFi	20230308_hgsvc_hifi-umigs.old.tsv	yes
HG00514	m54329U_200715_194535	UW	SIN:00514	HiFi	20230310_hgsvc_hifi_cell-UW.tsv	yes
HG00514	m54329U_200717_235548	UW	SIN:00514	HiFi	20230310_hgsvc_hifi_cell-UW.tsv	yes
HG00514	m54329U_200719_061020	UW	SIN:00514	HiFi	20230310_hgsvc_hifi_cell-UW.tsv	yes
HG00731	m54329U_190528_231241	UW	SIN:00731	HiFi	20230310_hgsvc_hifi_cell-UW.tsv	yes
HG00731	m54329U_190531_175004	UW	SIN:00731	HiFi	20230310_hgsvc_hifi_cell-UW.tsv	yes
HG00731	m54329U_190601_235636	UW	SIN:00731	HiFi	20230310_hgsvc_hifi_cell-UW.tsv	yes
HG00731	m54329U_190606_045526	UW	SIN:00731	HiFi	20230310_hgsvc_hifi_cell-UW.tsv	yes
HG00731	m54329U_190906_205127	UW	SIN:00731	HiFi	20230310_hgsvc_hifi_cell-UW.tsv	yes
HG00731	20220510_220504_21-lee-006_PC24B149_1D	JAX	SIN:00731	ONT	20230306_hgsvc_ont_cell-jax.tsv	yes
HG00731	20220510_220504_21-lee-006_PC24B149_3C	JAX	SIN:00731	ONT	20230306_hgsvc_ont_cell-jax.tsv	yes
HG00731	20220510_220505_21-lee-006_PC24B149_3C	JAX	SIN:00731	ONT	20230306_hgsvc_ont_cell-jax.tsv	yes
HG00731	20220511_220506_21-lee-006_PC24B149_1D	JAX	SIN:00731	ONT	20230306_hgsvc_ont_cell-jax.tsv	yes
HG00732	m54329U_190604_224858	UW	SIN:00732	HiFi	20230310_hgsvc_hifi_cell-UW.tsv	no
HG00732	m54329U_190610_071123	UW	SIN:00732	HiFi	20230310_hgsvc_hifi_cell-UW.tsv	no
HG00732	m54329U_190611_132246	UW	SIN:00732	HiFi	20230310_hgsvc_hifi_cell-UW.tsv	no
HG00732	m54329U_190612_193411	UW	SIN:00732	HiFi	20230310_hgsvc_hifi_cell-UW.tsv	no
HG00732	m54329U_190705_000551	UW	SIN:00732	HiFi	20230310_hgsvc_hifi_cell-UW.tsv	no
HG00732	m54329U_190901_130210	UW	SIN:00732	HiFi	20230310_hgsvc_hifi_cell-UW.tsv	no
HG00732	m54329U_200528_200534	UW	SIN:00732	HiFi	20230310_hgsvc_hifi_cell-UW.tsv	no
HG00732	m64076_200601_234627	UW	SIN:00732	HiFi	20230310_hgsvc_hifi_cell-UW.tsv	no
HG00732	m64076_200603_055852	UW	SIN:00732	HiFi	20230310_hgsvc_hifi_cell-UW.tsv	no
HG00732	20221213_HG00732_UL_eee-prom1-2B-PAG65793_guppy-6	UW	SIN:00732	ONT	20230310_hgsvc_ont_cell-UW.tsv	yes
HG00732	20221214_HG00732_UL_eee-prom1-2B-PAG65793_guppy-6	UW	SIN:00732	ONT	20230310_hgsvc_ont_cell-UW.tsv	yes
HG00732	20221214_HG00732_UL_eee-prom1-2E-PAG68402_guppy-6	UW	SIN:00732	ONT	20230310_hgsvc_ont_cell-UW.tsv	yes
HG00732	20221220_HG00732_UL_eee-prom1-2C-PAG67955_guppy-6	UW	SIN:00732	ONT	20230310_hgsvc_ont_cell-UW.tsv	yes
HG00732	20221228_HG00732_UL_eee-prom1-2A-PAG65779_guppy-6	UW	SIN:00732	ONT	20230310_hgsvc_ont_cell-UW.tsv	yes
HG00733	m64076_211214_012715	EEEext	SIN:00733	HiFi	20230310_hgsvc_hifi_cell-UW.tsv	yes
HG00733	m64076_211215_225159	EEEext	SIN:00733	HiFi	20230310_hgsvc_hifi_cell-UW.tsv	yes
HG00733	m64076_211217_081943	EEEext	SIN:00733	HiFi	20230310_hgsvc_hifi_cell-UW.tsv	yes
HG00733	m64076_211218_173901	EEEext	SIN:00733	HiFi	20230310_hgsvc_hifi_cell-UW.tsv	yes
HG00733	m64076_211221_015212	EEEext	SIN:00733	HiFi	20230310_hgsvc_hifi_cell-UW.tsv	yes
HG00733	m54329U_190607_185248	UW	SIN:00733	HiFi	20230310_hgsvc_hifi_cell-UW.tsv	yes
HG00733	m54329U_190615_010947	UW	SIN:00733	HiFi	20230310_hgsvc_hifi_cell-UW.tsv	yes
HG00733	m54329U_190617_231905	UW	SIN:00733	HiFi	20230310_hgsvc_hifi_cell-UW.tsv	yes
HG00733	m54329U_190619_052546	UW	SIN:00733	HiFi	20230310_hgsvc_hifi_cell-UW.tsv	yes
HG00733	m54329U_190629_180018	UW	SIN:00733	HiFi	20230310_hgsvc_hifi_cell-UW.tsv	yes
HG00733	m54329U_190701_222759	UW	SIN:00733	HiFi	20230310_hgsvc_hifi_cell-UW.tsv	yes
HG00733	m54329U_190827_173812	UW	SIN:00733	HiFi	20230310_hgsvc_hifi_cell-UW.tsv	yes
HG00733	20201123_UL_eee-grid3-X4-FAO83479_guppy-5	EEEext	SIN:00733	ONT	external_ont.tsv	yes
HG00733	20201125_UL_eee-grid3-X1-FAO83479_guppy-5	EEEext	SIN:00733	ONT	external_ont.tsv	yes
HG00733	20201127_UL_eee-grid3-X4-FAO83495_guppy-5	EEEext	SIN:00733	ONT	external_ont.tsv	yes
HG00733	20201128_UL_eee-grid3-X5-FAO89669_guppy-5	EEEext	SIN:00733	ONT	external_ont.tsv	yes
HG00733	20201201_UL_eee-grid3-X4-FAO82922_guppy-5	EEEext	SIN:00733	ONT	external_ont.tsv	yes
HG00733	20201201_UL_eee-grid3-X5-FAO89653_guppy-5	EEEext	SIN:00733	ONT	external_ont.tsv	yes
HG00733	20201204_UL_eee-grid3-X1-FAO08860_guppy-5	EEEext	SIN:00733	ONT	external_ont.tsv	yes
HG00733	20201204_UL_eee-grid3-X2-FAO94635_guppy-5	EEEext	SIN:00733	ONT	external_ont.tsv	yes
HG00733	20201204_UL_eee-grid3-X3-FAO94739_guppy-5	EEEext	SIN:00733	ONT	external_ont.tsv	yes
HG00733	20201206_UL_eee-grid3-X1-FAO89480_guppy-5	EEEext	SIN:00733	ONT	external_ont.tsv	yes
HG00733	20201206_UL_eee-grid3-X2-FAO82964_guppy-5	EEEext	SIN:00733	ONT	external_ont.tsv	yes
HG00733	20201206_UL_eee-grid3-X3-FAO94635_guppy-5	EEEext	SIN:00733	ONT	external_ont.tsv	yes
HG00733	20210727_UL_eee-prom1-1E-PAH36624_guppy-5	EEEext	SIN:00733	ONT	external_ont.tsv	yes
HG00733	20210728_UL_eee-prom1-1E-PAH36624_guppy-5	EEEext	SIN:00733	ONT	external_ont.tsv	yes
HG00733	20210729_UL_eee-prom1-1E-PAH36624_guppy-5	EEEext	SIN:00733	ONT	external_ont.tsv	yes
HG00733	20220215_UL_eee-prom1-1D-PAJ02977_guppy-5	EEEext	SIN:00733	ONT	external_ont.tsv	yes
HG00733	20220215_UL_eee-prom1-1F-PAJ09070_guppy-5	EEEext	SIN:00733	ONT	external_ont.tsv	yes
HG00733	20220215_UL_eee-prom1-2E-PAJ10244_guppy-5	EEEext	SIN:00733	ONT	external_ont.tsv	yes
HG00733	20220215_UL_eee-prom1-2G-PAJ10244_guppy-5	EEEext	SIN:00733	ONT	external_ont.tsv	yes
HG00733	20220223_220216_21-lee-006_PC24B149_3F	JAX	SIN:00733	ONT	20230306_hgsvc_ont_cell-jax.tsv	yes
HG00733	20220228_220223_21-lee-006_PC24B149_1F	JAX	SIN:00733	ONT	20230306_hgsvc_ont_cell-jax.tsv	yes
HG00733	20220304_220224_21-lee-006_PC24B149_3D	JAX	SIN:00733	ONT	20230306_hgsvc_ont_cell-jax.tsv	yes
HG00864	m64076_220206_113231	UW	SIN:00864	HiFi	20230310_hgsvc_hifi_cell-UW.tsv	yes
HG00864	m64076_220212_235702	UW	SIN:00864	HiFi	20230310_hgsvc_hifi_cell-UW.tsv	yes
HG00864	m64076_220214_105131	UW	SIN:00864	HiFi	20230310_hgsvc_hifi_cell-UW.tsv	yes
HG01114	m64076_220222_003816	UW	SIN:01114	HiFi	20230310_hgsvc_hifi_cell-UW.tsv	no
HG01114	m64076_220227_232002	UW	SIN:01114	HiFi	20230310_hgsvc_hifi_cell-UW.tsv	no
HG01114	m64076_220301_101421	UW	SIN:01114	HiFi	20230310_hgsvc_hifi_cell-UW.tsv	no
HG01114	20221025_HG01114_UL_eee-prom1-1C-PAM78971_guppy-6	UW	SIN:01114	ONT	20230310_hgsvc_ont_cell-UW.tsv	yes
HG01114	20221101_HG01114_UL_eee-prom1-1B-PAM79352_guppy-6	UW	SIN:01114	ONT	20230310_hgsvc_ont_cell-UW.tsv	yes
HG01114	20221102_HG01114_UL_eee-prom1-3F-PAK34726_guppy-6	UW	SIN:01114	ONT	20230310_hgsvc_ont_cell-UW.tsv	yes
HG01114	20221103_HG01114_UL_eee-prom1-3F-PAK34726_guppy-6	UW	SIN:01114	ONT	20230310_hgsvc_ont_cell-UW.tsv	yes
HG01114	20221108_HG01114_UL_eee-prom1-3A-PAM79079_guppy-6	UW	SIN:01114	ONT	20230310_hgsvc_ont_cell-UW.tsv	yes
HG01114	20221130_HG01114_UL_eee-prom1-2B-PAG69678_guppy-6	UW	SIN:01114	ONT	20230310_hgsvc_ont_cell-UW.tsv	yes
HG01114	20221206_HG01114_UL_eee-prom1-2B-PAG66283_guppy-6	UW	SIN:01114	ONT	20230310_hgsvc_ont_cell-UW.tsv	yes
HG01114	20221207_HG01114_UL_eee-prom1-2B-PAG66283_guppy-6	UW	SIN:01114	ONT	20230310_hgsvc_ont_cell-UW.tsv	yes
HG01352	m54329U_200819_192918	UW	SIN:01352	HiFi	20230310_hgsvc_hifi_cell-UW.tsv	yes
HG01352	m54329U_200824_191532	UW	SIN:01352	HiFi	20230310_hgsvc_hifi_cell-UW.tsv	yes
HG01352	m54329U_200826_013039	UW	SIN:01352	HiFi	20230310_hgsvc_hifi_cell-UW.tsv	yes
HG01352	m54329U_210320_235902	UW	SIN:01352	HiFi	20230310_hgsvc_hifi_cell-UW.tsv	yes
HG01352	m54329U_210330_183359	UW	SIN:01352	HiFi	20230310_hgsvc_hifi_cell-UW.tsv	yes
HG01352	m64076_210321_010456	UW	SIN:01352	HiFi	20230310_hgsvc_hifi_cell-UW.tsv	yes
HG01352	HG01352_20210803_UL_eee-prom1-3B-PAH34256_guppy-5	UW	SIN:01352	ONT	20230310_hgsvc_ont_cell-UW.tsv	yes
HG01352	HG01352_20210804_UL_eee-prom1-3B-PAH34256_guppy-5	UW	SIN:01352	ONT	20230310_hgsvc_ont_cell-UW.tsv	yes
HG01352	HG01352_20210805_UL_eee-prom1-3B-PAH34256_guppy-5	UW	SIN:01352	ONT	20230310_hgsvc_ont_cell-UW.tsv	yes
HG01352	HG01352_20210817_UL_eee-prom1-1A-PAH35732_guppy-5	UW	SIN:01352	ONT	20230310_hgsvc_ont_cell-UW.tsv	yes
HG01352	HG01352_20210817_UL_eee-prom1-1C-PAH34287_guppy-5	UW	SIN:01352	ONT	20230310_hgsvc_ont_cell-UW.tsv	yes
HG01352	HG01352_20210819_UL_eee-prom1-1C-PAH34287_guppy-5	UW	SIN:01352	ONT	20230310_hgsvc_ont_cell-UW.tsv	yes
HG01352	HG01352_20210831_UL_eee-prom1-3D-PAH62033_guppy-5	UW	SIN:01352	ONT	20230310_hgsvc_ont_cell-UW.tsv	yes
HG01352	HG01352_20210902_UL_eee-prom1-3D-PAH62033_guppy-5	UW	SIN:01352	ONT	20230310_hgsvc_ont_cell-UW.tsv	yes
HG01352	HG01352_20210915_UL_eee-prom1-3A-PAH79870_guppy-5	UW	SIN:01352	ONT	20230310_hgsvc_ont_cell-UW.tsv	yes
HG01352	HG01352_20210917_UL_eee-prom1-3A-PAH79870_guppy-5	UW	SIN:01352	ONT	20230310_hgsvc_ont_cell-UW.tsv	yes
HG01352	HG01352_20210928_UL_eee-prom1-3A-PAH79825_guppy-5	UW	SIN:01352	ONT	20230310_hgsvc_ont_cell-UW.tsv	yes
HG01352	HG01352_20211102_UL_eee-prom1-1A-PAI18864_guppy-5	UW	SIN:01352	ONT	20230310_hgsvc_ont_cell-UW.tsv	yes
HG01457	JAX_HiFi_HG01457_m64039_210627_040723	JAX	SIN:01457	HiFi	20230306_hgsvc_hifi_cell-jax.tsv	yes
HG01457	JAX_HiFi_HG01457_m64039_211217_233816	JAX	SIN:01457	HiFi	20230306_hgsvc_hifi_cell-jax.tsv	yes
HG01457	JAX_HiFi_HG01457_m64119_210701_004527	JAX	SIN:01457	HiFi	20230306_hgsvc_hifi_cell-jax.tsv	yes
HG01457	JAX_HiFi_HG01457_m64119_210710_045611	JAX	SIN:01457	HiFi	20230306_hgsvc_hifi_cell-jax.tsv	yes
HG01457	JAX_HiFi_HG01457_m64119_210723_055657	JAX	SIN:01457	HiFi	20230306_hgsvc_hifi_cell-jax.tsv	yes
HG01457	JAX_HiFi_HG01457_m64119_211210_191732	JAX	SIN:01457	HiFi	20230306_hgsvc_hifi_cell-jax.tsv	yes
HG01457	20210727_210713_21-lee-006_PCT0053_2-A9-D9	JAX	SIN:01457	ONT	20230306_hgsvc_ont_cell-jax.tsv	yes
HG01457	20211022_211012_21-lee-006_PCT0053_2-A5-D5	JAX	SIN:01457	ONT	20230306_hgsvc_ont_cell-jax.tsv	yes
HG01505	JAX_HiFi_HG01505_m64039_220227_171917	JAX	SIN:01505	HiFi	20230306_hgsvc_hifi_cell-jax.tsv	yes
HG01505	JAX_HiFi_HG01505_m64119_220223_062343	JAX	SIN:01505	HiFi	20230306_hgsvc_hifi_cell-jax.tsv	yes
HG01505	JAX_HiFi_HG01505_m64119_220302_072750	JAX	SIN:01505	HiFi	20230306_hgsvc_hifi_cell-jax.tsv	yes
HG01505	20220405_220329_21-lee-006_PC24B149_3F	JAX	SIN:01505	ONT	20230306_hgsvc_ont_cell-jax.tsv	yes
HG01505	20220408_220405_21-lee-006_PC24B149_3F	JAX	SIN:01505	ONT	20230306_hgsvc_ont_cell-jax.tsv	yes
HG01505	20220408_220406_21-lee-006_PC24B149_1F	JAX	SIN:01505	ONT	20230306_hgsvc_ont_cell-jax.tsv	yes
HG01505	20220412_220407_21-lee-006_PC24B149_1F	JAX	SIN:01505	ONT	20230306_hgsvc_ont_cell-jax.tsv	yes
HG01573	m64076_220316_013247	UW	SIN:01573	HiFi	20230310_hgsvc_hifi_cell-UW.tsv	no
HG01573	m64076_220320_103439	UW	SIN:01573	HiFi	20230310_hgsvc_hifi_cell-UW.tsv	no
HG01573	m64076_220321_213115	UW	SIN:01573	HiFi	20230310_hgsvc_hifi_cell-UW.tsv	no
HG01573	20220920_HG01573_UL_eee-prom1-1C-PAM64632_guppy-6	UW	SIN:01573	ONT	20230310_hgsvc_ont_cell-UW.tsv	yes
HG01573	20221004_HG01573_UL_eee-prom1-1A-PAM23460_guppy-6	UW	SIN:01573	ONT	20230310_hgsvc_ont_cell-UW.tsv	yes
HG01573	20221011_HG01573_UL_eee-prom1-1C-PAM78043_guppy-6	UW	SIN:01573	ONT	20230310_hgsvc_ont_cell-UW.tsv	yes
HG01573	20221012_HG01573_UL_eee-prom1-1G-PAM78202_guppy-6	UW	SIN:01573	ONT	20230310_hgsvc_ont_cell-UW.tsv	yes
HG01573	20221013_HG01573_UL_eee-prom1-1G-PAM78202_guppy-6	UW	SIN:01573	ONT	20230310_hgsvc_ont_cell-UW.tsv	yes
HG01573	20221018_HG01573_UL_eee-prom1-1B-PAM78356_guppy-6	UW	SIN:01573	ONT	20230310_hgsvc_ont_cell-UW.tsv	yes
HG01573	20221025_HG01573_UL_eee-prom1-1A-PAM79285_guppy-6	UW	SIN:01573	ONT	20230310_hgsvc_ont_cell-UW.tsv	yes
HG01573	20230207_HG01573_UL_eee-prom1-3A-PAG84447_guppy-6	UW	SIN:01573	ONT	20230310_hgsvc_ont_cell-UW.tsv	yes
HG01573	20230209_HG01573_UL_eee-prom1-3A-PAG84447_guppy-6	UW	SIN:01573	ONT	20230310_hgsvc_ont_cell-UW.tsv	yes
HG01596	JAX_HiFi_HG01596_m64039_220216_202046	JAX	SIN:01596	HiFi	20230306_hgsvc_hifi_cell-jax.tsv	yes
HG01596	JAX_HiFi_HG01596_m64119_220209_052029	JAX	SIN:01596	HiFi	20230306_hgsvc_hifi_cell-jax.tsv	yes
HG01596	JAX_HiFi_HG01596_m64119_220214_210708	JAX	SIN:01596	HiFi	20230306_hgsvc_hifi_cell-jax.tsv	yes
HG01596	20220510_220504_21-lee-006_PC24B149-2E	JAX	SIN:01596	ONT	20230306_hgsvc_ont_cell-jax.tsv	yes
HG01596	20220511_220506_21-lee-006_PC24B149_2D	JAX	SIN:01596	ONT	20230306_hgsvc_ont_cell-jax.tsv	yes
HG01596	20220515_220510_21-lee-006_PC24B149_2E	JAX	SIN:01596	ONT	20230306_hgsvc_ont_cell-jax.tsv	yes
HG01596	20220518_220512_21-lee-006_PC24B149_3C	JAX	SIN:01596	ONT	20230306_hgsvc_ont_cell-jax.tsv	yes
HG01890	JAX_HiFi_HG01890_m64039_211124_052608	JAX	SIN:01890	HiFi	20230306_hgsvc_hifi_cell-jax.tsv	yes
HG01890	JAX_HiFi_HG01890_m64039_211205_042353	JAX	SIN:01890	HiFi	20230306_hgsvc_hifi_cell-jax.tsv	yes
HG01890	JAX_HiFi_HG01890_m64039_211213_024848	JAX	SIN:01890	HiFi	20230306_hgsvc_hifi_cell-jax.tsv	yes
HG01890	JAX_HiFi_HG01890_m64039_211222_053942	JAX	SIN:01890	HiFi	20230306_hgsvc_hifi_cell-jax.tsv	yes
HG01890	JAX_HiFi_HG01890_m64119_211215_040636	JAX	SIN:01890	HiFi	20230306_hgsvc_hifi_cell-jax.tsv	yes
HG01890	20220210_220202_21-lee-006_PC24B149_2E	JAX	SIN:01890	ONT	20230306_hgsvc_ont_cell-jax.tsv	yes
HG01890	20220215_220209_21-lee-006_PC24B149_1F	JAX	SIN:01890	ONT	20230306_hgsvc_ont_cell-jax.tsv	yes
HG02011	JAX_HiFi_HG02011_m64039_220121_204950	JAX	SIN:02011	HiFi	20230306_hgsvc_hifi_cell-jax.tsv	yes
HG02011	JAX_HiFi_HG02011_m64119_220104_202343	JAX	SIN:02011	HiFi	20230306_hgsvc_hifi_cell-jax.tsv	yes
HG02011	JAX_HiFi_HG02011_m64119_220114_220850	JAX	SIN:02011	HiFi	20230306_hgsvc_hifi_cell-jax.tsv	yes
HG02011	20220322_220316_21-lee-006_PC24B149_3F	JAX	SIN:02011	ONT	20230306_hgsvc_ont_cell-jax.tsv	yes
HG02011	20220405_220329_21-lee-006_PC24B149_2F	JAX	SIN:02011	ONT	20230306_hgsvc_ont_cell-jax.tsv	yes
HG02011	20220405_220330_21-lee-006_PC24B149_1D	JAX	SIN:02011	ONT	20230306_hgsvc_ont_cell-jax.tsv	yes
HG02018	m54329U_220125_004416	UW	SIN:02018	HiFi	20230310_hgsvc_hifi_cell-UW.tsv	yes
HG02018	m54329U_220128_015221	UW	SIN:02018	HiFi	20230310_hgsvc_hifi_cell-UW.tsv	yes
HG02018	m54329U_220129_124757	UW	SIN:02018	HiFi	20230310_hgsvc_hifi_cell-UW.tsv	yes
HG02018	20221025_HG02018_UL_eee-prom1-1D-PAM78083_guppy-6	UW	SIN:02018	ONT	20230310_hgsvc_ont_cell-UW.tsv	yes
HG02018	20221101_HG02018_UL_eee-prom1-1G-PAM79302_guppy-6	UW	SIN:02018	ONT	20230310_hgsvc_ont_cell-UW.tsv	yes
HG02018	20221102_HG02018_UL_eee-prom1-3H-PAM78744_guppy-6	UW	SIN:02018	ONT	20230310_hgsvc_ont_cell-UW.tsv	yes
HG02018	20221108_HG02018_UL_eee-prom1-3B-PAM64235_guppy-6	UW	SIN:02018	ONT	20230310_hgsvc_ont_cell-UW.tsv	yes
HG02018	20221130_HG02018_UL_eee-prom1-2C-PAM77931_guppy-6	UW	SIN:02018	ONT	20230310_hgsvc_ont_cell-UW.tsv	yes
HG02018	20221206_HG02018_UL_eee-prom1-2C-PAG68624_guppy-6	UW	SIN:02018	ONT	20230310_hgsvc_ont_cell-UW.tsv	yes
HG02018	20221207_HG02018_UL_eee-prom1-2C-PAG68624_guppy-6	UW	SIN:02018	ONT	20230310_hgsvc_ont_cell-UW.tsv	yes
HG02059	m54329U_210430_224654	UW	SIN:02059	HiFi	20230310_hgsvc_hifi_cell-UW.tsv	yes
HG02059	m54329U_210505_001822	UW	SIN:02059	HiFi	20230310_hgsvc_hifi_cell-UW.tsv	yes
HG02059	m64076_200818_185305	UW	SIN:02059	HiFi	20230310_hgsvc_hifi_cell-UW.tsv	yes
HG02059	m64076_200821_215706	UW	SIN:02059	HiFi	20230310_hgsvc_hifi_cell-UW.tsv	yes
HG02059	m64076_200823_041159	UW	SIN:02059	HiFi	20230310_hgsvc_hifi_cell-UW.tsv	yes
HG02059	HG02059_20210817_UL_eee-prom1-1B-PAH34460_guppy-5	UW	SIN:02059	ONT	20230310_hgsvc_ont_cell-UW.tsv	yes
HG02059	HG02059_20210817_UL_eee-prom1-1D-PAH40455_guppy-5	UW	SIN:02059	ONT	20230310_hgsvc_ont_cell-UW.tsv	yes
HG02059	HG02059_20210819_UL_eee-prom1-1B-PAH34460_guppy-5	UW	SIN:02059	ONT	20230310_hgsvc_ont_cell-UW.tsv	yes
HG02059	HG02059_20210908_UL_eee-prom1-2F-PAH61827_guppy-5	UW	SIN:02059	ONT	20230310_hgsvc_ont_cell-UW.tsv	yes
HG02059	HG02059_20210913_UL_eee-prom1-1A-PAH61827_guppy-5	UW	SIN:02059	ONT	20230310_hgsvc_ont_cell-UW.tsv	yes
HG02059	HG02059_20210922_UL_eee-prom1-2A-PAH80144_guppy-5	UW	SIN:02059	ONT	20230310_hgsvc_ont_cell-UW.tsv	yes
HG02059	HG02059_20211102-2_UL_eee-prom1-1B-PAI18840_guppy-5	UW	SIN:02059	ONT	20230310_hgsvc_ont_cell-UW.tsv	yes
HG02059	HG02059_20211102_UL_eee-prom1-1B-PAI18840_guppy-5	UW	SIN:02059	ONT	20230310_hgsvc_ont_cell-UW.tsv	yes
HG02059	HG02059_20211103_UL_eee-prom1-1B-PAI18840-2_guppy-5	UW	SIN:02059	ONT	20230310_hgsvc_ont_cell-UW.tsv	yes
HG02059	HG02059_20211103_UL_eee-prom1-1B-PAI18840_guppy-5	UW	SIN:02059	ONT	20230310_hgsvc_ont_cell-UW.tsv	yes
HG02059	HG02059_20211104_UL_eee-prom1-1B-PAI18840_guppy-5	UW	SIN:02059	ONT	20230310_hgsvc_ont_cell-UW.tsv	yes
HG02059	HG02059_20211109_UL_eee-prom1-1B-PAI18586_guppy-5	UW	SIN:02059	ONT	20230310_hgsvc_ont_cell-UW.tsv	yes
HG02106	JAX_HiFi_HG02106_m64039_210117_062206	JAX	SIN:02106	HiFi	20230306_hgsvc_hifi_cell-jax.tsv	yes
HG02106	JAX_HiFi_HG02106_m64119_210108_225831	JAX	SIN:02106	HiFi	20230306_hgsvc_hifi_cell-jax.tsv	yes
HG02106	JAX_HiFi_HG02106_m64119_210122_231012	JAX	SIN:02106	HiFi	20230306_hgsvc_hifi_cell-jax.tsv	yes
HG02106	JAX_HiFi_HG02106_m64119_210210_174344	JAX	SIN:02106	HiFi	20230306_hgsvc_hifi_cell-jax.tsv	yes
HG02106	JAX_HiFi_HG02106_m64119_210324_200403	JAX	SIN:02106	HiFi	20230306_hgsvc_hifi_cell-jax.tsv	yes
HG02106	20210920_210908_21-lee-006_PCT0053_2-A1-D1	JAX	SIN:02106	ONT	20230306_hgsvc_ont_cell-jax.tsv	yes
HG02106	20210927_210915_21-lee-006_PCT0053_2-A1-D1	JAX	SIN:02106	ONT	20230306_hgsvc_ont_cell-jax.tsv	yes
HG02282	EDEVI_20210402_S64049_PL100170204-1_A01	UMIGS	SIN:02282	HiFi	20230314_hgsvc_hifi-cells.umigs.tsv	yes
HG02282	EDEVI_20210402_S64049_PL100170204-1_C01	UMIGS	SIN:02282	HiFi	20230314_hgsvc_hifi-cells.umigs.tsv	yes
HG02282	EDEVI_20210412_S64018_PL100170204-3_B01	UMIGS	SIN:02282	HiFi	20230314_hgsvc_hifi-cells.umigs.tsv	yes
HG02282	EDEVI_20210412_S64018_PL100170204-3_C01	UMIGS	SIN:02282	HiFi	20230314_hgsvc_hifi-cells.umigs.tsv	yes
HG02282	EDEVI_20210907_S64018_PL100194356-1_D01	UMIGS	SIN:02282	HiFi	20230314_hgsvc_hifi-cells.umigs.tsv	yes
HG02282	EDEVI_20211019_S64049_PL100194356-2_A01	UMIGS	SIN:02282	HiFi	20230314_hgsvc_hifi-cells.umigs.tsv	yes
HG02282	20211102_211027_21-lee-006_PCT0053_2-A5-D5	JAX	SIN:02282	ONT	20230306_hgsvc_ont_cell-jax.tsv	yes
HG02282	20220307_220302_21-lee-006_PC24B149_2E	JAX	SIN:02282	ONT	20230306_hgsvc_ont_cell-jax.tsv	yes
HG02282	20220315_220308_21-lee-006_PC24B149_1D	JAX	SIN:02282	ONT	20230306_hgsvc_ont_cell-jax.tsv	yes
HG02492	JAX_HiFi_HG02492_m64039_220221_051108	JAX	SIN:02492	HiFi	20230306_hgsvc_hifi_cell-jax.tsv	yes
HG02492	JAX_HiFi_HG02492_m64119_220206_072658	JAX	SIN:02492	HiFi	20230306_hgsvc_hifi_cell-jax.tsv	yes
HG02492	JAX_HiFi_HG02492_m64119_220226_041620	JAX	SIN:02492	HiFi	20230306_hgsvc_hifi_cell-jax.tsv	yes
HG02492	20220408_220405_21-lee-006_PC24B149_3E	JAX	SIN:02492	ONT	20230306_hgsvc_ont_cell-jax.tsv	yes
HG02492	20220412_220407_21-lee-006_PC24B149_3E	JAX	SIN:02492	ONT	20230306_hgsvc_ont_cell-jax.tsv	yes
HG02492	20220419_220412_21-lee-006_PC24B149_2D	JAX	SIN:02492	ONT	20230306_hgsvc_ont_cell-jax.tsv	yes
HG02554	m54329U_210424_234256	UW	SIN:02554	HiFi	20230310_hgsvc_hifi_cell-UW.tsv	yes
HG02554	m54329U_210426_220943	UW	SIN:02554	HiFi	20230310_hgsvc_hifi_cell-UW.tsv	yes
HG02554	m54329U_210428_040858	UW	SIN:02554	HiFi	20230310_hgsvc_hifi_cell-UW.tsv	yes
HG02554	m54329U_210429_102104	UW	SIN:02554	HiFi	20230310_hgsvc_hifi_cell-UW.tsv	yes
HG02554	HG02554_20210615_STD_eee-prom1-1E-PAG74634_guppy-5	UW	SIN:02554	ONT	20230310_hgsvc_ont_cell-UW.tsv	yes
HG02554	HG02554_20210713_UL_eee-prom1-2A-PAH12704_guppy-5	UW	SIN:02554	ONT	20230310_hgsvc_ont_cell-UW.tsv	yes
HG02554	HG02554_20210825_UL_eee-prom1-2B-PAH61790_guppy-5	UW	SIN:02554	ONT	20230310_hgsvc_ont_cell-UW.tsv	yes
HG02554	HG02554_20211116_UL_eee-prom1-3B-PAI19455_guppy-5	UW	SIN:02554	ONT	20230310_hgsvc_ont_cell-UW.tsv	yes
HG02554	HG02554_20211116_UL_eee-prom1-3D-PAI19205_guppy-5	UW	SIN:02554	ONT	20230310_hgsvc_ont_cell-UW.tsv	yes
HG02554	HG02554_20211117_UL_eee-prom1-3B-PAI19455_guppy-5	UW	SIN:02554	ONT	20230310_hgsvc_ont_cell-UW.tsv	yes
HG02554	HG02554_20211117_UL_eee-prom1-3D-PAI19205_guppy-5	UW	SIN:02554	ONT	20230310_hgsvc_ont_cell-UW.tsv	yes
HG02554	HG02554_20211130_UL_eee-prom1-1D-PAI18969_guppy-5	UW	SIN:02554	ONT	20230310_hgsvc_ont_cell-UW.tsv	yes
HG02554	HG02554_20211202_UL_eee-prom1-1D-PAI18969_guppy-5	UW	SIN:02554	ONT	20230310_hgsvc_ont_cell-UW.tsv	yes
HG02554	HG02554_20211207_UL_eee-prom1-1E-PAI55647_guppy-5	UW	SIN:02554	ONT	20230310_hgsvc_ont_cell-UW.tsv	yes
HG02587	m54329U_220331_234450	UW	SIN:02587	HiFi	20230310_hgsvc_hifi_cell-UW.tsv	no
HG02587	m64076_220219_025128-bc1001	UW	SIN:02587	HiFi	20230310_hgsvc_hifi_cell-UW.tsv	no
HG02587	m64076_220219_025128-bc1002	UW	SIN:02587	HiFi	20230310_hgsvc_hifi_cell-UW.tsv	no
HG02587	m64076_220220_134423	UW	SIN:02587	HiFi	20230310_hgsvc_hifi_cell-UW.tsv	no
HG02587	m64076_220327_030804	UW	SIN:02587	HiFi	20230310_hgsvc_hifi_cell-UW.tsv	no
HG02587	m64076_220331_235118	UW	SIN:02587	HiFi	20230310_hgsvc_hifi_cell-UW.tsv	no
HG02587	20220920_HG02587_UL_eee-prom1-1D-PAM64430_guppy-6	UW	SIN:02587	ONT	20230310_hgsvc_ont_cell-UW.tsv	yes
HG02587	20221004_HG02587_UL_eee-prom1-1B-PAM23321_guppy-6	UW	SIN:02587	ONT	20230310_hgsvc_ont_cell-UW.tsv	yes
HG02587	20221004_HG02587_UL_eee-prom1-1C-PAM23141_guppy-6	UW	SIN:02587	ONT	20230310_hgsvc_ont_cell-UW.tsv	yes
HG02587	20221011_HG02587_UL_eee-prom1-1D-PAM78114_guppy-6	UW	SIN:02587	ONT	20230310_hgsvc_ont_cell-UW.tsv	yes
HG02587	20221011_HG02587_UL_eee-prom1-1E-PAM79160_guppy-6	UW	SIN:02587	ONT	20230310_hgsvc_ont_cell-UW.tsv	yes
HG02587	20221012_HG02587_UL_eee-prom1-1H-PAM78285_guppy-6	UW	SIN:02587	ONT	20230310_hgsvc_ont_cell-UW.tsv	yes
HG02587	20221013_HG02587_UL_eee-prom1-1D-PAM78114_guppy-6	UW	SIN:02587	ONT	20230310_hgsvc_ont_cell-UW.tsv	yes
HG02587	20221013_HG02587_UL_eee-prom1-1E-PAM79160_guppy-6	UW	SIN:02587	ONT	20230310_hgsvc_ont_cell-UW.tsv	yes
HG02587	20221013_HG02587_UL_eee-prom1-1H-PAM78285_guppy-6	UW	SIN:02587	ONT	20230310_hgsvc_ont_cell-UW.tsv	yes
HG02587	20221018_HG02587_UL_eee-prom1-1C-PAM78364_guppy-6	UW	SIN:02587	ONT	20230310_hgsvc_ont_cell-UW.tsv	yes
HG02587	20221025_HG02587_UL_eee-prom1-1B-PAM76612_guppy-6	UW	SIN:02587	ONT	20230310_hgsvc_ont_cell-UW.tsv	yes
HG02587	20230207_HG02587_UL_eee-prom1-3B-PAG84362_guppy-6	UW	SIN:02587	ONT	20230310_hgsvc_ont_cell-UW.tsv	yes
HG02666	JAX_HiFi_HG02666_m64039_210625_190927	JAX	SIN:02666	HiFi	20230306_hgsvc_hifi_cell-jax.tsv	yes
HG02666	JAX_HiFi_HG02666_m64039_210730_180618	JAX	SIN:02666	HiFi	20230306_hgsvc_hifi_cell-jax.tsv	yes
HG02666	JAX_HiFi_HG02666_m64119_210629_170837	JAX	SIN:02666	HiFi	20230306_hgsvc_hifi_cell-jax.tsv	yes
HG02666	JAX_HiFi_HG02666_m64119_210708_195851	JAX	SIN:02666	HiFi	20230306_hgsvc_hifi_cell-jax.tsv	yes
HG02666	JAX_HiFi_HG02666_m64119_210721_205857	JAX	SIN:02666	HiFi	20230306_hgsvc_hifi_cell-jax.tsv	yes
HG02666	JAX_HiFi_HG02666_m64119_211010_035538	JAX	SIN:02666	HiFi	20230306_hgsvc_hifi_cell-jax.tsv	yes
HG02666	JAX_HiFi_HG02666_m64119_211014_041558	JAX	SIN:02666	HiFi	20230306_hgsvc_hifi_cell-jax.tsv	yes
HG02666	20210608_210526_21-lee-006_PCT0053_2-E9-H9	JAX	SIN:02666	ONT	20230306_hgsvc_ont_cell-jax.tsv	yes
HG02666	20210727_210713_21-lee-006_PCT0053_2-A11-D11	JAX	SIN:02666	ONT	20230306_hgsvc_ont_cell-jax.tsv	yes
HG02769	m54329U_210122_200631	UW	SIN:02769	HiFi	20230310_hgsvc_hifi_cell-UW.tsv	yes
HG02769	m54329U_210125_180102	UW	SIN:02769	HiFi	20230310_hgsvc_hifi_cell-UW.tsv	yes
HG02769	m54329U_210127_001445	UW	SIN:02769	HiFi	20230310_hgsvc_hifi_cell-UW.tsv	yes
HG02769	m54329U_210221_195419	UW	SIN:02769	HiFi	20230310_hgsvc_hifi_cell-UW.tsv	yes
HG02769	HG02769_20210825_UL_eee-prom1-2C-PAH62122_guppy-5	UW	SIN:02769	ONT	20230310_hgsvc_ont_cell-UW.tsv	no
HG02769	HG02769_20210826_UL_eee-prom1-2C-PAH62122_guppy-5	UW	SIN:02769	ONT	20230310_hgsvc_ont_cell-UW.tsv	no
HG02769	HG02769_20210831_UL_eee-prom1-3B-PAH61842_guppy-5	UW	SIN:02769	ONT	20230310_hgsvc_ont_cell-UW.tsv	no
HG02769	HG02769_20210901_UL_eee-prom1-2B-PAH61842_guppy-5	UW	SIN:02769	ONT	20230310_hgsvc_ont_cell-UW.tsv	no
HG02769	HG02769_20210901_UL_eee-prom1-3B-PAH61842_guppy-5	UW	SIN:02769	ONT	20230310_hgsvc_ont_cell-UW.tsv	no
HG02769	HG02769_20210901_UL_eee-prom1-3F-PAH61842_guppy-5	UW	SIN:02769	ONT	20230310_hgsvc_ont_cell-UW.tsv	no
HG02769	HG02769_20210902_UL_eee-prom1-3H-PAH34317_guppy-5	UW	SIN:02769	ONT	20230310_hgsvc_ont_cell-UW.tsv	no
HG02769	HG02769_20210915_UL_eee-prom1-3B-PAH79896_guppy-5	UW	SIN:02769	ONT	20230310_hgsvc_ont_cell-UW.tsv	no
HG02769	HG02769_20210922_UL_eee-prom1-2C-PAH79896_guppy-5	UW	SIN:02769	ONT	20230310_hgsvc_ont_cell-UW.tsv	no
HG02769	HG02769_20211102_UL_eee-prom1-1C-PAI18970-2_guppy-5	UW	SIN:02769	ONT	20230310_hgsvc_ont_cell-UW.tsv	no
HG02769	HG02769_20211102_UL_eee-prom1-1C-PAI18970_guppy-5	UW	SIN:02769	ONT	20230310_hgsvc_ont_cell-UW.tsv	no
HG02769	HG02769_20211103_UL_eee-prom1-1C-PAI18970_guppy-5	UW	SIN:02769	ONT	20230310_hgsvc_ont_cell-UW.tsv	no
HG02769	HG02769_20211104_UL_eee-prom1-1C-PAI18970_guppy-5	UW	SIN:02769	ONT	20230310_hgsvc_ont_cell-UW.tsv	no
HG02769	HG02769_20211116_UL_eee-prom1-3A-PAI18834_guppy-5	UW	SIN:02769	ONT	20230310_hgsvc_ont_cell-UW.tsv	no
HG02769	HG02769_20211117_UL_eee-prom1-3A-PAI18834-2_guppy-5	UW	SIN:02769	ONT	20230310_hgsvc_ont_cell-UW.tsv	no
HG02769	HG02769_20211117_UL_eee-prom1-3A-PAI18834_guppy-5	UW	SIN:02769	ONT	20230310_hgsvc_ont_cell-UW.tsv	no
HG02769	HG02769_20211130_UL_eee-prom1-1B-PAI20069_guppy-5	UW	SIN:02769	ONT	20230310_hgsvc_ont_cell-UW.tsv	no
HG02769	HG02769_20211201_UL_eee-prom1-1F-PAI20069_guppy-5	UW	SIN:02769	ONT	20230310_hgsvc_ont_cell-UW.tsv	no
HG02769	HG02769_20211202_UL_eee-prom1-1F-PAI20069_guppy-5	UW	SIN:02769	ONT	20230310_hgsvc_ont_cell-UW.tsv	no
HG02769	HG02769_20211208_UL_eee-prom1-1F-PAI74941_guppy-5	UW	SIN:02769	ONT	20230310_hgsvc_ont_cell-UW.tsv	no
HG02769	HG02769_20211220_UL_eee-prom1-1H-PAJ08316_guppy-5	UW	SIN:02769	ONT	20230310_hgsvc_ont_cell-UW.tsv	no
HG02769	HG02769_20211227_UL_eee-prom1-3A-PAJ09630_guppy-5	UW	SIN:02769	ONT	20230310_hgsvc_ont_cell-UW.tsv	no
HG02769	HG02769_20220104_UL_eee-prom1-1A-PAK51816_guppy-5	UW	SIN:02769	ONT	20230310_hgsvc_ont_cell-UW.tsv	no
HG02818	HG02818_20210713_UL_eee-prom1-2B-PAH36289_guppy-5	UW	SIN:02818	ONT	20230310_hgsvc_ont_cell-UW.tsv	yes
HG02818	HG02818_20210810_UL_eee-prom1-2C-PAH40179_guppy-5	UW	SIN:02818	ONT	20230310_hgsvc_ont_cell-UW.tsv	yes
HG02818	HG02818_20210908_UL_eee-prom1-2E-PAH61807_guppy-5	UW	SIN:02818	ONT	20230310_hgsvc_ont_cell-UW.tsv	yes
HG02818	HG02818_20211109_UL_eee-prom1-1C-PAI19866_guppy-5	UW	SIN:02818	ONT	20230310_hgsvc_ont_cell-UW.tsv	yes
HG02818	HG02818_20211109_UL_eee-prom1-1D-PAI18279_guppy-5	UW	SIN:02818	ONT	20230310_hgsvc_ont_cell-UW.tsv	yes
HG02818	HG02818_20211110_UL_eee-prom1-2A-PAI18607_guppy-5	UW	SIN:02818	ONT	20230310_hgsvc_ont_cell-UW.tsv	yes
HG02953	m64076_210425_010557	UW	SIN:02953	HiFi	20230310_hgsvc_hifi_cell-UW.tsv	yes
HG02953	m64076_210426_220753	UW	SIN:02953	HiFi	20230310_hgsvc_hifi_cell-UW.tsv	yes
HG02953	m64076_210428_040717	UW	SIN:02953	HiFi	20230310_hgsvc_hifi_cell-UW.tsv	yes
HG02953	m64076_210429_101918	UW	SIN:02953	HiFi	20230310_hgsvc_hifi_cell-UW.tsv	yes
HG02953	HG02953_20210713_UL_eee-prom1-2E-PAH32423_guppy-5	UW	SIN:02953	ONT	20230310_hgsvc_ont_cell-UW.tsv	no
HG02953	HG02953_20210714_UL_eee-prom1-2E-PAH32423_guppy-5	UW	SIN:02953	ONT	20230310_hgsvc_ont_cell-UW.tsv	no
HG02953	HG02953_20210803_UL_eee-prom1-3A-PAH36212_guppy-5	UW	SIN:02953	ONT	20230310_hgsvc_ont_cell-UW.tsv	no
HG02953	HG02953_20210804_UL_eee-prom1-3A-PAH36212_guppy-5	UW	SIN:02953	ONT	20230310_hgsvc_ont_cell-UW.tsv	no
HG02953	HG02953_20210805_UL_eee-prom1-3A-PAH36212_guppy-5	UW	SIN:02953	ONT	20230310_hgsvc_ont_cell-UW.tsv	no
HG02953	HG02953_20210825_UL_eee-prom1-2D-PAH61768_guppy-5	UW	SIN:02953	ONT	20230310_hgsvc_ont_cell-UW.tsv	no
HG02953	HG02953_20210831_UL_eee-prom1-3A-PAH61836_guppy-5	UW	SIN:02953	ONT	20230310_hgsvc_ont_cell-UW.tsv	no
HG02953	HG02953_20211102_UL_eee-prom1-1D-PAI20036_guppy-5	UW	SIN:02953	ONT	20230310_hgsvc_ont_cell-UW.tsv	no
HG02953	HG02953_20211103_UL_eee-prom1-1G-PAI18578_guppy-5	UW	SIN:02953	ONT	20230310_hgsvc_ont_cell-UW.tsv	no
HG03009	JAX_HiFi_HG03009_m64039_220126_024139	JAX	SIN:03009	HiFi	20230306_hgsvc_hifi_cell-jax.tsv	yes
HG03009	JAX_HiFi_HG03009_m64119_220119_065557	JAX	SIN:03009	HiFi	20230306_hgsvc_hifi_cell-jax.tsv	yes
HG03009	JAX_HiFi_HG03009_m64119_220126_013959	JAX	SIN:03009	HiFi	20230306_hgsvc_hifi_cell-jax.tsv	yes
HG03009	20220223_220216_21-lee-006_PC24B149_1G	JAX	SIN:03009	ONT	20230306_hgsvc_ont_cell-jax.tsv	yes
HG03009	20220226_220223_21-lee-006_PC24B149_3F	JAX	SIN:03009	ONT	20230306_hgsvc_ont_cell-jax.tsv	yes
HG03009	20220307_220302_21-lee-006_PC24B149_3F	JAX	SIN:03009	ONT	20230306_hgsvc_ont_cell-jax.tsv	yes
HG03065	JAX_HiFi_HG03065_m64039_220123_061725	JAX	SIN:03065	HiFi	20230306_hgsvc_hifi_cell-jax.tsv	yes
HG03065	JAX_HiFi_HG03065_m64119_220116_090326	JAX	SIN:03065	HiFi	20230306_hgsvc_hifi_cell-jax.tsv	yes
HG03065	JAX_HiFi_HG03065_m64119_220121_210303	JAX	SIN:03065	HiFi	20230306_hgsvc_hifi_cell-jax.tsv	yes
HG03065	20220322_220316_21-lee-006_PC24B149_2F	JAX	SIN:03065	ONT	20230306_hgsvc_ont_cell-jax.tsv	yes
HG03065	20220329_220323_21-lee-006_PC24B149_2G	JAX	SIN:03065	ONT	20230306_hgsvc_ont_cell-jax.tsv	yes
HG03248	JAX_HiFi_HG03248_m64039_210628_130740	JAX	SIN:03248	HiFi	20230306_hgsvc_hifi_cell-jax.tsv	yes
HG03248	JAX_HiFi_HG03248_m64039_210710_005846	JAX	SIN:03248	HiFi	20230306_hgsvc_hifi_cell-jax.tsv	yes
HG03248	JAX_HiFi_HG03248_m64119_210613_003658	JAX	SIN:03248	HiFi	20230306_hgsvc_hifi_cell-jax.tsv	yes
HG03248	JAX_HiFi_HG03248_m64119_210618_180607	JAX	SIN:03248	HiFi	20230306_hgsvc_hifi_cell-jax.tsv	yes
HG03248	JAX_HiFi_HG03248_m64119_211212_061234	JAX	SIN:03248	HiFi	20230306_hgsvc_hifi_cell-jax.tsv	yes
HG03248	20210630_210623_21-lee-006_PCT0053_2-E9-H9	JAX	SIN:03248	ONT	20230306_hgsvc_ont_cell-jax.tsv	yes
HG03248	20211022_211012_21-lee-006_PCT0053_2-A9-D9	JAX	SIN:03248	ONT	20230306_hgsvc_ont_cell-jax.tsv	yes
HG03248	20211102_211027_21-lee-006_PCT0053_2-A9-D9	JAX	SIN:03248	ONT	20230306_hgsvc_ont_cell-jax.tsv	yes
HG03371	JAX_HiFi_HG03371_m64039_220209_170329	JAX	SIN:03371	HiFi	20230306_hgsvc_hifi_cell-jax.tsv	yes
HG03371	JAX_HiFi_HG03371_m64119_220123_063014	JAX	SIN:03371	HiFi	20230306_hgsvc_hifi_cell-jax.tsv	yes
HG03371	JAX_HiFi_HG03371_m64119_220207_182351	JAX	SIN:03371	HiFi	20230306_hgsvc_hifi_cell-jax.tsv	yes
HG03371	20220322_220316_21-lee-006_PC24B149_3D	JAX	SIN:03371	ONT	20230306_hgsvc_ont_cell-jax.tsv	yes
HG03371	20220329_220323_21-lee-006_PC24B149_1F	JAX	SIN:03371	ONT	20230306_hgsvc_ont_cell-jax.tsv	yes
HG03452	m64076_210126_175628	UW	SIN:03452	HiFi	20230310_hgsvc_hifi_cell-UW.tsv	yes
HG03452	m64076_210131_015832	UW	SIN:03452	HiFi	20230310_hgsvc_hifi_cell-UW.tsv	yes
HG03452	m64076_210201_082658	UW	SIN:03452	HiFi	20230310_hgsvc_hifi_cell-UW.tsv	yes
HG03452	HG03452_20210908_UL_eee-prom1-2G-PAH61824_guppy-5	UW	SIN:03452	ONT	20230310_hgsvc_ont_cell-UW.tsv	yes
HG03452	HG03452_20210908_UL_eee-prom1-2H-PAH74171_guppy-5	UW	SIN:03452	ONT	20230310_hgsvc_ont_cell-UW.tsv	yes
HG03452	HG03452_20210913_UL_eee-prom1-1B-PAH61824_guppy-5	UW	SIN:03452	ONT	20230310_hgsvc_ont_cell-UW.tsv	yes
HG03452	HG03452_20210913_UL_eee-prom1-1C-PAH74171_guppy-5	UW	SIN:03452	ONT	20230310_hgsvc_ont_cell-UW.tsv	yes
HG03452	HG03452_20210915_UL_eee-prom1-3C-PAH79890_guppy-5	UW	SIN:03452	ONT	20230310_hgsvc_ont_cell-UW.tsv	yes
HG03452	HG03452_20210928_UL_eee-prom1-3F-PAH79890_guppy-5	UW	SIN:03452	ONT	20230310_hgsvc_ont_cell-UW.tsv	yes
HG03452	HG03452_20211006_UL_eee-prom1-3D-PAI05003_guppy-5	UW	SIN:03452	ONT	20230310_hgsvc_ont_cell-UW.tsv	yes
HG03452	HG03452_20211019_UL_eee-prom1-3B-PAI05201_guppy-5	UW	SIN:03452	ONT	20230310_hgsvc_ont_cell-UW.tsv	yes
HG03452	HG03452_20211130_UL_eee-prom1-1H-PAI20041_guppy-5	UW	SIN:03452	ONT	20230310_hgsvc_ont_cell-UW.tsv	yes
HG03452	HG03452_20211202_UL_eee-prom1-1H-PAI20041_guppy-5	UW	SIN:03452	ONT	20230310_hgsvc_ont_cell-UW.tsv	yes
HG03456	JAX_HiFi_HG03456_m64039_220111_082237	JAX	SIN:03456	HiFi	20230306_hgsvc_hifi_cell-jax.tsv	yes
HG03456	JAX_HiFi_HG03456_m64119_211226_162136	JAX	SIN:03456	HiFi	20230306_hgsvc_hifi_cell-jax.tsv	yes
HG03456	JAX_HiFi_HG03456_m64119_220107_181428	JAX	SIN:03456	HiFi	20230306_hgsvc_hifi_cell-jax.tsv	yes
HG03456	20220315_220308_21-lee-006_PC24B149_3F	JAX	SIN:03456	ONT	20230306_hgsvc_ont_cell-jax.tsv	yes
HG03456	20220405_220329_21-lee-006_PC24B149_2D	JAX	SIN:03456	ONT	20230306_hgsvc_ont_cell-jax.tsv	yes
HG03520	EDEVI_20210402_S64049_PL100170205-1_B01	UMIGS	SIN:03520	HiFi	20230314_hgsvc_hifi-cells.umigs.tsv	yes
HG03520	EDEVI_20210427_S64018_PL100170205A-1_A01	UMIGS	SIN:03520	HiFi	20230314_hgsvc_hifi-cells.umigs.tsv	yes
HG03520	EDEVI_20210603_S64018_PL100170205A-3_A01	UMIGS	SIN:03520	HiFi	20230314_hgsvc_hifi-cells.umigs.tsv	yes
HG03520	EDEVI_20210924_S64018_PL100194882-1_B01	UMIGS	SIN:03520	HiFi	20230314_hgsvc_hifi-cells.umigs.tsv	yes
HG03520	EDEVI_20210924_S64018_PL100194882-1_C01	UMIGS	SIN:03520	HiFi	20230314_hgsvc_hifi-cells.umigs.tsv	yes
HG03520	EDEVI_20211019_S64049_PL100194881-1_B01	UMIGS	SIN:03520	HiFi	20230314_hgsvc_hifi-cells.umigs.tsv	yes
HG03520	20211008_210929_21-lee-006_PCT0053_2-A9-D9	JAX	SIN:03520	ONT	20230306_hgsvc_ont_cell-jax.tsv	yes
HG03520	20211102_211020_21-lee-006_PCT0053_2-A11-D11	JAX	SIN:03520	ONT	20230306_hgsvc_ont_cell-jax.tsv	yes
HG03683	m54329U_220220_134718	UW	SIN:03683	HiFi	20230310_hgsvc_hifi_cell-UW.tsv	no
HG03683	m54329U_220311_015732	UW	SIN:03683	HiFi	20230310_hgsvc_hifi_cell-UW.tsv	no
HG03683	m64076_211225_093817	UW	SIN:03683	HiFi	20230310_hgsvc_hifi_cell-UW.tsv	no
HG03683	m64076_220317_110154	UW	SIN:03683	HiFi	20230310_hgsvc_hifi_cell-UW.tsv	no
HG03732	JAX_HiFi_HG03732_m64039_220307_165844	JAX	SIN:03732	HiFi	20230306_hgsvc_hifi_cell-jax.tsv	yes
HG03732	JAX_HiFi_HG03732_m64039_220309_035544	JAX	SIN:03732	HiFi	20230306_hgsvc_hifi_cell-jax.tsv	yes
HG03732	JAX_HiFi_HG03732_m64119_220228_203256	JAX	SIN:03732	HiFi	20230306_hgsvc_hifi_cell-jax.tsv	yes
HG03732	20220425_220420_21-lee-006_PC24B149_3E	JAX	SIN:03732	ONT	20230306_hgsvc_ont_cell-jax.tsv	yes
HG03732	20220503_220427_21-lee-006_PC24B149_3F	JAX	SIN:03732	ONT	20230306_hgsvc_ont_cell-jax.tsv	yes
HG03732	20220503_220428_21-lee-006_PC24B149_3F	JAX	SIN:03732	ONT	20230306_hgsvc_ont_cell-jax.tsv	yes
HG03807	JAX_HiFi_HG03807_m64039_210118_125023	JAX	SIN:03807	HiFi	20230306_hgsvc_hifi_cell-jax.tsv	yes
HG03807	JAX_HiFi_HG03807_m64119_210124_053806	JAX	SIN:03807	HiFi	20230306_hgsvc_hifi_cell-jax.tsv	yes
HG03807	JAX_HiFi_HG03807_m64119_210125_120547	JAX	SIN:03807	HiFi	20230306_hgsvc_hifi_cell-jax.tsv	yes
HG03807	20210920_210908_21-lee-006_PCT0053_2-A9-D9	JAX	SIN:03807	ONT	20230306_hgsvc_ont_cell-jax.tsv	yes
HG03807	20211019_211006_21-lee-006_PCT0053_2-A5-D5	JAX	SIN:03807	ONT	20230306_hgsvc_ont_cell-jax.tsv	yes
HG04036	m54329U_210411_022852	UW	SIN:04036	HiFi	20230310_hgsvc_hifi_cell-UW.tsv	yes
HG04036	m64076_210405_202313	UW	SIN:04036	HiFi	20230310_hgsvc_hifi_cell-UW.tsv	yes
HG04036	m64076_210408_003515	UW	SIN:04036	HiFi	20230310_hgsvc_hifi_cell-UW.tsv	yes
HG04036	m64076_210411_021355	UW	SIN:04036	HiFi	20230310_hgsvc_hifi_cell-UW.tsv	yes
HG04036	m64076_210412_082528	UW	SIN:04036	HiFi	20230310_hgsvc_hifi_cell-UW.tsv	yes
HG04036	HG04036_20210922_UL_eee-prom1-2B-PAH80217_guppy-5	UW	SIN:04036	ONT	20230310_hgsvc_ont_cell-UW.tsv	yes
HG04036	HG04036_20211006_UL_eee-prom1-3F-PAI05203_guppy-5	UW	SIN:04036	ONT	20230310_hgsvc_ont_cell-UW.tsv	yes
HG04036	HG04036_20211008_UL_eee-prom1-3F-PAI05203_guppy-5	UW	SIN:04036	ONT	20230310_hgsvc_ont_cell-UW.tsv	yes
HG04036	HG04036_20211207_UL_eee-prom1-1B-PAI76381_guppy-5	UW	SIN:04036	ONT	20230310_hgsvc_ont_cell-UW.tsv	yes
HG04036	HG04036_20211220_UL_eee-prom1-1E-PAJ02986_guppy-5	UW	SIN:04036	ONT	20230310_hgsvc_ont_cell-UW.tsv	yes
HG04036	HG04036_20211220_UL_eee-prom1-1F-PAJ02848_guppy-5	UW	SIN:04036	ONT	20230310_hgsvc_ont_cell-UW.tsv	yes
HG04036	HG04036_20211221_UL_eee-prom1-1E-PAJ02986_guppy-5	UW	SIN:04036	ONT	20230310_hgsvc_ont_cell-UW.tsv	yes
HG04217	JAX_HiFi_HG04217_m64039_210119_191818	JAX	SIN:04217	HiFi	20230306_hgsvc_hifi_cell-jax.tsv	yes
HG04217	JAX_HiFi_HG04217_m64119_210212_015818	JAX	SIN:04217	HiFi	20230306_hgsvc_hifi_cell-jax.tsv	yes
HG04217	JAX_HiFi_HG04217_m64119_210213_082612	JAX	SIN:04217	HiFi	20230306_hgsvc_hifi_cell-jax.tsv	yes
HG04217	20210903_210825_21-lee-006_PCT0053_2-A9-D9	JAX	SIN:04217	ONT	20230306_hgsvc_ont_cell-jax.tsv	yes
HG04217	20210913_210831_21-lee-006_PCT0053_2-A9-D9	JAX	SIN:04217	ONT	20230306_hgsvc_ont_cell-jax.tsv	yes
NA12329	m64076_220122_011847	UW	SIN:12329	HiFi	20230310_hgsvc_hifi_cell-UW.tsv	yes
NA12329	m64076_220126_113534	UW	SIN:12329	HiFi	20230310_hgsvc_hifi_cell-UW.tsv	yes
NA12329	m64076_220128_015732	UW	SIN:12329	HiFi	20230310_hgsvc_hifi_cell-UW.tsv	yes
NA18534	JAX_HiFi_NA18534_m64039_220124_154343	JAX	SIN:18534	HiFi	20230306_hgsvc_hifi_cell-jax.tsv	yes
NA18534	JAX_HiFi_NA18534_m64119_220117_195935	JAX	SIN:18534	HiFi	20230306_hgsvc_hifi_cell-jax.tsv	yes
NA18534	JAX_HiFi_NA18534_m64119_220124_155829	JAX	SIN:18534	HiFi	20230306_hgsvc_hifi_cell-jax.tsv	yes
NA18534	20220223_220216_21-lee-006_PC24B149_2F	JAX	SIN:18534	ONT	20230306_hgsvc_ont_cell-jax.tsv	yes
NA18534	20220228_220223_21-lee-006_PC24B149_2F	JAX	SIN:18534	ONT	20230306_hgsvc_ont_cell-jax.tsv	yes
NA18939	m54329U_220222_004435	UW	SIN:18939	HiFi	20230310_hgsvc_hifi_cell-UW.tsv	no
NA18939	m64076_220402_104632	UW	SIN:18939	HiFi	20230310_hgsvc_hifi_cell-UW.tsv	no
NA18939	m64076_220403_214315	UW	SIN:18939	HiFi	20230310_hgsvc_hifi_cell-UW.tsv	no
NA18939	m64076_220405_084052	UW	SIN:18939	HiFi	20230310_hgsvc_hifi_cell-UW.tsv	no
NA18989	JAX_HiFi_NA18989_m64039_210506_192609	JAX	SIN:18989	HiFi	20230306_hgsvc_hifi_cell-jax.tsv	yes
NA18989	JAX_HiFi_NA18989_m64039_210508_014218	JAX	SIN:18989	HiFi	20230306_hgsvc_hifi_cell-jax.tsv	yes
NA18989	JAX_HiFi_NA18989_m64039_210616_161955	JAX	SIN:18989	HiFi	20230306_hgsvc_hifi_cell-jax.tsv	yes
NA18989	JAX_HiFi_NA18989_m64039_211119_203548	JAX	SIN:18989	HiFi	20230306_hgsvc_hifi_cell-jax.tsv	yes
NA18989	JAX_HiFi_NA18989_m64119_210501_214725	JAX	SIN:18989	HiFi	20230306_hgsvc_hifi_cell-jax.tsv	yes
NA18989	JAX_HiFi_NA18989_m64119_211008_181054	JAX	SIN:18989	HiFi	20230306_hgsvc_hifi_cell-jax.tsv	yes
NA18989	JAX_HiFi_NA18989_m64119_211012_184602	JAX	SIN:18989	HiFi	20230306_hgsvc_hifi_cell-jax.tsv	yes
NA18989	20210510_210428_21-lee-006_PCT0053_2-A9-D9	JAX	SIN:18989	ONT	20230306_hgsvc_ont_cell-jax.tsv	yes
NA18989	20210519_210512_21-lee-006_PCT0053_2-A9-D9	JAX	SIN:18989	ONT	20230306_hgsvc_ont_cell-jax.tsv	yes
NA19036	m64076_220125_004322	UW	SIN:19036	HiFi	20230310_hgsvc_hifi_cell-UW.tsv	yes
NA19036	m64076_220129_125006	UW	SIN:19036	HiFi	20230310_hgsvc_hifi_cell-UW.tsv	yes
NA19036	m64076_220130_234407	UW	SIN:19036	HiFi	20230310_hgsvc_hifi_cell-UW.tsv	yes
GM19129	m54329U_201021_182400	UW	SIN:19129	HiFi	20230310_hgsvc_hifi_cell-UW.tsv	yes
GM19129	m54329U_210223_194607	UW	SIN:19129	HiFi	20230310_hgsvc_hifi_cell-UW.tsv	yes
GM19129	m54329U_210507_224951-bc1022_BAK8B_OA	UW	SIN:19129	HiFi	20230310_hgsvc_hifi_cell-UW.tsv	yes
GM19129	m54329U_210516_043155-bc1022_BAK8B_OA	UW	SIN:19129	HiFi	20230310_hgsvc_hifi_cell-UW.tsv	yes
GM19129	m64076_201023_184120	UW	SIN:19129	HiFi	20230310_hgsvc_hifi_cell-UW.tsv	yes
GM19129	m64076_201025_005549	UW	SIN:19129	HiFi	20230310_hgsvc_hifi_cell-UW.tsv	yes
GM19129	m64076_201026_210420	UW	SIN:19129	HiFi	20230310_hgsvc_hifi_cell-UW.tsv	yes
GM19129	m64076_210423_190653	UW	SIN:19129	HiFi	20230310_hgsvc_hifi_cell-UW.tsv	yes
GM19129	GM19129_20210915_UL_eee-prom1-3D-PAH94870_guppy-5	UW	SIN:19129	ONT	20230310_hgsvc_ont_cell-UW.tsv	yes
GM19129	GM19129_20210921_UL_eee-prom1-1B-PAH95198_guppy-5	UW	SIN:19129	ONT	20230310_hgsvc_ont_cell-UW.tsv	yes
GM19129	GM19129_20210928_UL_eee-prom1-3G-PAH95198_guppy-5	UW	SIN:19129	ONT	20230310_hgsvc_ont_cell-UW.tsv	yes
GM19129	GM19129_20211215_UL_eee-prom1-1C-PAK55818_guppy-5	UW	SIN:19129	ONT	20230310_hgsvc_ont_cell-UW.tsv	yes
GM19129	GM19129_20211215_UL_eee-prom1-1D-PAK55439_guppy-5	UW	SIN:19129	ONT	20230310_hgsvc_ont_cell-UW.tsv	yes
GM19129	GM19129_20220104_UL_eee-prom1-1D-PAJ02871_guppy-5	UW	SIN:19129	ONT	20230310_hgsvc_ont_cell-UW.tsv	yes
NA19238	m54336U_191015_222230	JAX	SIN:19238	HiFi	20230308_hgsvc_hifi-jax.old.tsv	yes
NA19238	m54336U_191017_101413	JAX	SIN:19238	HiFi	20230308_hgsvc_hifi-jax.old.tsv	yes
NA19238	m64039_190817_141701	JAX	SIN:19238	HiFi	20230308_hgsvc_hifi-jax.old.tsv	yes
NA19238	m64039_190818_202358	JAX	SIN:19238	HiFi	20230308_hgsvc_hifi-jax.old.tsv	yes
NA19238	m64039_190828_220241	JAX	SIN:19238	HiFi	20230308_hgsvc_hifi-jax.old.tsv	yes
NA19238	m64039_190830_040857	JAX	SIN:19238	HiFi	20230308_hgsvc_hifi-jax.old.tsv	yes
NA19238	m64039_190831_102034	JAX	SIN:19238	HiFi	20230308_hgsvc_hifi-jax.old.tsv	yes
NA19238	m64039_190901_163200	JAX	SIN:19238	HiFi	20230308_hgsvc_hifi-jax.old.tsv	yes
NA19239	m54336U_191005_142313	JAX	SIN:19239	HiFi	20230308_hgsvc_hifi-jax.old.tsv	yes
NA19239	m54336U_191007_123158	JAX	SIN:19239	HiFi	20230308_hgsvc_hifi-jax.old.tsv	yes
NA19239	m64039_190823_190750	JAX	SIN:19239	HiFi	20230308_hgsvc_hifi-jax.old.tsv	yes
NA19239	m64039_190910_140737	JAX	SIN:19239	HiFi	20230308_hgsvc_hifi-jax.old.tsv	yes
NA19239	m64039_190911_201425	JAX	SIN:19239	HiFi	20230308_hgsvc_hifi-jax.old.tsv	yes
NA19239	m64039_190915_204135	JAX	SIN:19239	HiFi	20230308_hgsvc_hifi-jax.old.tsv	yes
NA19239	m64039_190917_025247	JAX	SIN:19239	HiFi	20230308_hgsvc_hifi-jax.old.tsv	yes
NA19239	20220510_220504_21-lee-006_PC24B149_3F	JAX	SIN:19239	ONT	20230306_hgsvc_ont_cell-jax.tsv	yes
NA19239	20220515_220510_21-lee-006_PC24B149_3F	JAX	SIN:19239	ONT	20230306_hgsvc_ont_cell-jax.tsv	yes
NA19239	20220517_220511_21-lee-006_PC24B149_3F	JAX	SIN:19239	ONT	20230306_hgsvc_ont_cell-jax.tsv	yes
NA19240	m54336U_190827_013439	JAX	SIN:19240	HiFi	20230308_hgsvc_hifi-jax.old.tsv	yes
NA19240	m54336U_190828_075428	JAX	SIN:19240	HiFi	20230308_hgsvc_hifi-jax.old.tsv	yes
NA19240	m54336U_190829_230546	JAX	SIN:19240	HiFi	20230308_hgsvc_hifi-jax.old.tsv	yes
NA19240	m64039_190922_223056	JAX	SIN:19240	HiFi	20230308_hgsvc_hifi-jax.old.tsv	yes
NA19240	m64039_190930_063309	JAX	SIN:19240	HiFi	20230308_hgsvc_hifi-jax.old.tsv	yes
NA19317	JAX_HiFi_NA19317_m64039_210601_195743	JAX	SIN:19317	HiFi	20230306_hgsvc_hifi_cell-jax.tsv	yes
NA19317	JAX_HiFi_NA19317_m64039_210607_200243	JAX	SIN:19317	HiFi	20230306_hgsvc_hifi_cell-jax.tsv	yes
NA19317	JAX_HiFi_NA19317_m64039_210617_232851	JAX	SIN:19317	HiFi	20230306_hgsvc_hifi_cell-jax.tsv	yes
NA19317	JAX_HiFi_NA19317_m64119_210702_094450	JAX	SIN:19317	HiFi	20230306_hgsvc_hifi_cell-jax.tsv	yes
NA19317	JAX_HiFi_NA19317_m64119_220501_151001	JAX	SIN:19317	HiFi	20230306_hgsvc_hifi_cell-jax.tsv	yes
NA19317	JAX_HiFi_NA19317_m64119_220506_185510	JAX	SIN:19317	HiFi	20230306_hgsvc_hifi_cell-jax.tsv	yes
NA19317	JAX_HiFi_NA19317_m64119_220521_031347	JAX	SIN:19317	HiFi	20230306_hgsvc_hifi_cell-jax.tsv	yes
NA19317	20210629_210623_21-lee-006_PCT0053_2-A9-D9	JAX	SIN:19317	ONT	20230306_hgsvc_ont_cell-jax.tsv	yes
NA19317	20210802_210721_21-lee-006_PCT0053_2-A7-D7	JAX	SIN:19317	ONT	20230306_hgsvc_ont_cell-jax.tsv	yes
NA19317	20220208_220126_21-lee-006_PC24B149_1G	JAX	SIN:19317	ONT	20230306_hgsvc_ont_cell-jax.tsv	yes
GM19320	m54329U_201019_191314	UW	SIN:19320	HiFi	20230310_hgsvc_hifi_cell-UW.tsv	yes
GM19320	m54329U_201023_003851	UW	SIN:19320	HiFi	20230310_hgsvc_hifi_cell-UW.tsv	yes
GM19320	m54329U_201024_070735	UW	SIN:19320	HiFi	20230310_hgsvc_hifi_cell-UW.tsv	yes
GM19320	m54329U_210225_020106	UW	SIN:19320	HiFi	20230310_hgsvc_hifi_cell-UW.tsv	yes
GM19320	GM19320_20211207_UL_eee-prom1-1A-PAI18617_guppy-5	UW	SIN:19320	ONT	20230310_hgsvc_ont_cell-UW.tsv	yes
GM19320	GM19320_20211207_UL_eee-prom1-1D-PAI74691_guppy-5	UW	SIN:19320	ONT	20230310_hgsvc_ont_cell-UW.tsv	yes
GM19320	GM19320_20211215_UL_eee-prom1-1E-PAK54862_guppy-5	UW	SIN:19320	ONT	20230310_hgsvc_ont_cell-UW.tsv	yes
NA19331	JAX_HiFi_NA19331_m64039_210509_081132	JAX	SIN:19331	HiFi	20230306_hgsvc_hifi_cell-jax.tsv	yes
NA19331	JAX_HiFi_NA19331_m64039_210510_142933	JAX	SIN:19331	HiFi	20230306_hgsvc_hifi_cell-jax.tsv	yes
NA19331	JAX_HiFi_NA19331_m64119_210503_041604	JAX	SIN:19331	HiFi	20230306_hgsvc_hifi_cell-jax.tsv	yes
NA19331	20210608_210526_21-lee-006_PCT0053_2-A9-D9	JAX	SIN:19331	ONT	20230306_hgsvc_ont_cell-jax.tsv	yes
NA19331	20211102_211020_21-lee-006_PCT0053_2-A5-D5	JAX	SIN:19331	ONT	20230306_hgsvc_ont_cell-jax.tsv	yes
NA19347	JAX_HiFi_NA19347_m64039_210619_082814	JAX	SIN:19347	HiFi	20230306_hgsvc_hifi_cell-jax.tsv	yes
NA19347	JAX_HiFi_NA19347_m64039_210620_163340	JAX	SIN:19347	HiFi	20230306_hgsvc_hifi_cell-jax.tsv	yes
NA19347	JAX_HiFi_NA19347_m64119_210611_153956	JAX	SIN:19347	HiFi	20230306_hgsvc_hifi_cell-jax.tsv	yes
NA19347	JAX_HiFi_NA19347_m64119_220503_020657	JAX	SIN:19347	HiFi	20230306_hgsvc_hifi_cell-jax.tsv	yes
NA19347	JAX_HiFi_NA19347_m64119_220509_164847	JAX	SIN:19347	HiFi	20230306_hgsvc_hifi_cell-jax.tsv	yes
NA19347	20210624_210616_21-lee-006_PCT0053_2-A9-D9	JAX	SIN:19347	ONT	20230306_hgsvc_ont_cell-jax.tsv	yes
NA19347	20210819_210810_21-lee-006_PCT0053_2-A1-D1	JAX	SIN:19347	ONT	20230306_hgsvc_ont_cell-jax.tsv	yes
NA19347	20220215_220209_21-lee-006_PC24B149_3F	JAX	SIN:19347	ONT	20230306_hgsvc_ont_cell-jax.tsv	yes
NA19384	JAX_HiFi_NA19384_m64039_211219_103338	JAX	SIN:19384	HiFi	20230306_hgsvc_hifi_cell-jax.tsv	yes
NA19384	JAX_HiFi_NA19384_m64119_210614_074737	JAX	SIN:19384	HiFi	20230306_hgsvc_hifi_cell-jax.tsv	yes
NA19384	JAX_HiFi_NA19384_m64119_210620_030317	JAX	SIN:19384	HiFi	20230306_hgsvc_hifi_cell-jax.tsv	yes
NA19384	JAX_HiFi_NA19384_m64119_210621_120219	JAX	SIN:19384	HiFi	20230306_hgsvc_hifi_cell-jax.tsv	yes
NA19384	JAX_HiFi_NA19384_m64119_211223_194521	JAX	SIN:19384	HiFi	20230306_hgsvc_hifi_cell-jax.tsv	yes
NA19384	20210816_210803_21-lee-006_GXB02036_002	JAX	SIN:19384	ONT	20230306_hgsvc_ont_cell-jax.tsv	yes
NA19384	20210816_210804_21-lee-006_PCT0053_2-A9-D9	JAX	SIN:19384	ONT	20230306_hgsvc_ont_cell-jax.tsv	yes
NA19384	20210820_210810_21-lee-006_PCT0053_2-A9-D9	JAX	SIN:19384	ONT	20230306_hgsvc_ont_cell-jax.tsv	yes
GM19434	EDEVI_20210820_S64049_PL100192554-1_B01	UMIGS	SIN:19434	HiFi	20230314_hgsvc_hifi-cells.umigs.tsv	yes
GM19434	EDEVI_20211130_S64049_PL100216561-1_C01	UMIGS	SIN:19434	HiFi	20230314_hgsvc_hifi-cells.umigs.tsv	yes
GM19434	EDEVI_20211130_S64049_PL100216561-1_D01	UMIGS	SIN:19434	HiFi	20230314_hgsvc_hifi-cells.umigs.tsv	yes
GM19434	EDEVI_20220125_S64049_PL100216561-3_A01	UMIGS	SIN:19434	HiFi	20230314_hgsvc_hifi-cells.umigs.tsv	yes
GM19434	EDEVI_20220125_S64049_PL100216561-3_B01	UMIGS	SIN:19434	HiFi	20230314_hgsvc_hifi-cells.umigs.tsv	yes
NA19434	20211001_210922_21-lee-006_PCT0053_2-A9-D9	JAX	SIN:19434	ONT	20230306_hgsvc_ont_cell-jax.tsv	yes
NA19434	20211008_210929_21-lee-006_PCT0053_2-A11-D11	JAX	SIN:19434	ONT	20230306_hgsvc_ont_cell-jax.tsv	yes
NA19650	JAX_HiFi_NA19650_m64039_220108_102842	JAX	SIN:19650	HiFi	20230306_hgsvc_hifi_cell-jax.tsv	yes
NA19650	JAX_HiFi_NA19650_m64119_211228_031859	JAX	SIN:19650	HiFi	20230306_hgsvc_hifi_cell-jax.tsv	yes
NA19650	JAX_HiFi_NA19650_m64119_220109_051040	JAX	SIN:19650	HiFi	20230306_hgsvc_hifi_cell-jax.tsv	yes
NA19650	20220215_220209_21-lee-006_PC24B149_2G	JAX	SIN:19650	ONT	20230306_hgsvc_ont_cell-jax.tsv	yes
NA19650	20220220_220216_21-lee-006_PC24B149_1E	JAX	SIN:19650	ONT	20230306_hgsvc_ont_cell-jax.tsv	yes
NA19650	20220223_220218_21-lee-006_PC24B149_1E	JAX	SIN:19650	ONT	20230306_hgsvc_ont_cell-jax.tsv	yes
NA19705	JAX_HiFi_NA19705_m64039_220109_212617	JAX	SIN:19705	HiFi	20230306_hgsvc_hifi_cell-jax.tsv	yes
NA19705	JAX_HiFi_NA19705_m64119_211225_064020	JAX	SIN:19705	HiFi	20230306_hgsvc_hifi_cell-jax.tsv	yes
NA19705	JAX_HiFi_NA19705_m64119_220106_071815	JAX	SIN:19705	HiFi	20230306_hgsvc_hifi_cell-jax.tsv	yes
NA19705	20220315_220308_21-lee-006_PC24B149_2F	JAX	SIN:19705	ONT	20230306_hgsvc_ont_cell-jax.tsv	yes
NA19705	20220322_220316_21-lee-006_PC24B149_1F	JAX	SIN:19705	ONT	20230306_hgsvc_ont_cell-jax.tsv	yes
GM19836	EDEVI_20210902_S64049_PL100193594-1_F01	UMIGS	SIN:19836	HiFi	20230314_hgsvc_hifi-cells.umigs.tsv	yes
GM19836	EDEVI_20211001_S64018_PL100179097A-1_C01	UMIGS	SIN:19836	HiFi	20230314_hgsvc_hifi-cells.umigs.tsv	yes
GM19836	EDEVI_20211103_S64018_PL100179097A-2_D01	UMIGS	SIN:19836	HiFi	20230314_hgsvc_hifi-cells.umigs.tsv	yes
GM19836	EDEVI_20211122_S64018_PL100179097A-2_B01	UMIGS	SIN:19836	HiFi	20230314_hgsvc_hifi-cells.umigs.tsv	yes
NA19836	20211001_210922_21-lee-006_PCT0053_2-A7-D7	JAX	SIN:19836	ONT	20230306_hgsvc_ont_cell-jax.tsv	yes
NA19836	20211102_211020_21-lee-006_PCT0053_2-A9-D9	JAX	SIN:19836	ONT	20230306_hgsvc_ont_cell-jax.tsv	yes
NA19983	m54329U_220211_113834	UW	SIN:19983	HiFi	20230310_hgsvc_hifi_cell-UW.tsv	yes
NA19983	m54329U_220219_025145	UW	SIN:19983	HiFi	20230310_hgsvc_hifi_cell-UW.tsv	yes
NA19983	m64076_220217_122931	UW	SIN:19983	HiFi	20230310_hgsvc_hifi_cell-UW.tsv	yes
GM20355	m54329U_210124_022104	UW	SIN:20355	HiFi	20230310_hgsvc_hifi_cell-UW.tsv	yes
GM20355	m54329U_210220_055130	UW	SIN:20355	HiFi	20230310_hgsvc_hifi_cell-UW.tsv	yes
GM20355	m64076_200930_195351	UW	SIN:20355	HiFi	20230310_hgsvc_hifi_cell-UW.tsv	yes
GM20355	m64076_201002_180938	UW	SIN:20355	HiFi	20230310_hgsvc_hifi_cell-UW.tsv	yes
GM20355	m64076_201004_002419	UW	SIN:20355	HiFi	20230310_hgsvc_hifi_cell-UW.tsv	yes
GM20355	GM20355_20211006_UL_eee-prom1-3E-PAI04422_guppy-5	UW	SIN:20355	ONT	20230310_hgsvc_ont_cell-UW.tsv	yes
GM20355	GM20355_20211007_UL_eee-prom1-3E-PAI04422_guppy-5	UW	SIN:20355	ONT	20230310_hgsvc_ont_cell-UW.tsv	yes
GM20355	GM20355_20211008_UL_eee-prom1-3G-PAH80048_guppy-5	UW	SIN:20355	ONT	20230310_hgsvc_ont_cell-UW.tsv	yes
GM20355	GM20355_20211019_UL_eee-prom1-1A-PAH61837_guppy-5	UW	SIN:20355	ONT	20230310_hgsvc_ont_cell-UW.tsv	yes
GM20355	GM20355_20211019_UL_eee-prom1-3C-PAI05036_guppy-5	UW	SIN:20355	ONT	20230310_hgsvc_ont_cell-UW.tsv	yes
GM20355	GM20355_20211021_UL_eee-prom1-3C-PAI05036_guppy-5	UW	SIN:20355	ONT	20230310_hgsvc_ont_cell-UW.tsv	yes
GM20355	GM20355_20211130_UL_eee-prom1-2A-PAI18600_guppy-5	UW	SIN:20355	ONT	20230310_hgsvc_ont_cell-UW.tsv	yes
GM20355	GM20355_20211130_UL_eee-prom1-2B-PAI18600_guppy-5	UW	SIN:20355	ONT	20230310_hgsvc_ont_cell-UW.tsv	yes
GM20355	GM20355_20211202_UL_eee-prom1-2B-PAI18600_guppy-5	UW	SIN:20355	ONT	20230310_hgsvc_ont_cell-UW.tsv	yes
GM20355	GM20355_20211208_UL_eee-prom1-1G-PAI74889_guppy-5	UW	SIN:20355	ONT	20230310_hgsvc_ont_cell-UW.tsv	yes
GM20355	GM20355_20211208_UL_eee-prom1-1H-PAI74958_guppy-5	UW	SIN:20355	ONT	20230310_hgsvc_ont_cell-UW.tsv	yes
GM20355	GM20355_20211215_UL_eee-prom1-1F-PAK55502_guppy-5	UW	SIN:20355	ONT	20230310_hgsvc_ont_cell-UW.tsv	yes
GM20355	GM20355_20211227_UL_eee-prom1-3B-PAJ08036_guppy-5	UW	SIN:20355	ONT	20230310_hgsvc_ont_cell-UW.tsv	yes
GM20355	GM20355_20211227_UL_eee-prom1-3C-PAJ09836_guppy-5	UW	SIN:20355	ONT	20230310_hgsvc_ont_cell-UW.tsv	yes
GM20355	GM20355_20220104_UL_eee-prom1-1C-PAK51804_guppy-5	UW	SIN:20355	ONT	20230310_hgsvc_ont_cell-UW.tsv	yes
GM20355	GM20355_20220104_UL_eee-prom1-2B-PAJ02890_guppy-5	UW	SIN:20355	ONT	20230310_hgsvc_ont_cell-UW.tsv	yes
GM20355	GM20355_20220105_UL_eee-prom1-2F-PAJ07922_guppy-5	UW	SIN:20355	ONT	20230310_hgsvc_ont_cell-UW.tsv	yes
GM20355	GM20355_20220125_UL_eee-prom1-3A-PAJ07962_guppy-5	UW	SIN:20355	ONT	20230310_hgsvc_ont_cell-UW.tsv	yes
GM20355	GM20355_20220125_UL_eee-prom1-3B-PAJ10248_guppy-5	UW	SIN:20355	ONT	20230310_hgsvc_ont_cell-UW.tsv	yes
GM20355	GM20355_20220125_UL_eee-prom1-3C-PAJ09671_guppy-5	UW	SIN:20355	ONT	20230310_hgsvc_ont_cell-UW.tsv	yes
NA20509	JAX_HiFi_NA20509_m64039_220219_181334	JAX	SIN:20509	HiFi	20230306_hgsvc_hifi_cell-jax.tsv	yes
NA20509	JAX_HiFi_NA20509_m64039_220301_041619	JAX	SIN:20509	HiFi	20230306_hgsvc_hifi_cell-jax.tsv	yes
NA20509	JAX_HiFi_NA20509_m64119_220204_203221	JAX	SIN:20509	HiFi	20230306_hgsvc_hifi_cell-jax.tsv	yes
NA20509	JAX_HiFi_NA20509_m64119_220211_173309	JAX	SIN:20509	HiFi	20230306_hgsvc_hifi_cell-jax.tsv	yes
NA20509	20220408_220405_21-lee-006_PC24B149_3C	JAX	SIN:20509	ONT	20230306_hgsvc_ont_cell-jax.tsv	yes
NA20509	20220412_220407_21-lee-006_PC24B149_3C	JAX	SIN:20509	ONT	20230306_hgsvc_ont_cell-jax.tsv	yes
NA20509	20220419_220412_21lee-006_PC24B149_1D	JAX	SIN:20509	ONT	20230306_hgsvc_ont_cell-jax.tsv	yes
NA20847	m64076_220202_232805	UW	SIN:20847	HiFi	20230310_hgsvc_hifi_cell-UW.tsv	yes
NA20847	m64076_220205_003337	UW	SIN:20847	HiFi	20230310_hgsvc_hifi_cell-UW.tsv	yes
NA20847	m64076_220207_222645	UW	SIN:20847	HiFi	20230310_hgsvc_hifi_cell-UW.tsv	yes
GM21487	m54329U_210405_202314	UW	SIN:21487	HiFi	20230310_hgsvc_hifi_cell-UW.tsv	yes
GM21487	m54329U_210408_003536	UW	SIN:21487	HiFi	20230310_hgsvc_hifi_cell-UW.tsv	yes
GM21487	m54329U_210409_201342	UW	SIN:21487	HiFi	20230310_hgsvc_hifi_cell-UW.tsv	yes
GM21487	m64076_210325_045024	UW	SIN:21487	HiFi	20230310_hgsvc_hifi_cell-UW.tsv	yes
GM21487	m64076_210409_201438	UW	SIN:21487	HiFi	20230310_hgsvc_hifi_cell-UW.tsv	yes
GM21487	GM21487_20210928_UL_eee-prom1-3B-PAH32438_guppy-5	UW	SIN:21487	ONT	20230310_hgsvc_ont_cell-UW.tsv	yes
GM21487	GM21487_20211019_UL_eee-prom1-3D-PAI04403_guppy-5	UW	SIN:21487	ONT	20230310_hgsvc_ont_cell-UW.tsv	yes
GM21487	GM21487_20211109_UL_eee-prom1-1A-PAI18572_guppy-5	UW	SIN:21487	ONT	20230310_hgsvc_ont_cell-UW.tsv	yes
GM21487	GM21487_20211110-2_UL_eee-prom1-1A-PAI18572_guppy-5	UW	SIN:21487	ONT	20230310_hgsvc_ont_cell-UW.tsv	yes
GM21487	GM21487_20211110_UL_eee-prom1-1A-PAI18572_guppy-5	UW	SIN:21487	ONT	20230310_hgsvc_ont_cell-UW.tsv	yes
GM21487	GM21487_20211110_UL_eee-prom1-1E-PAI04403_guppy-5	UW	SIN:21487	ONT	20230310_hgsvc_ont_cell-UW.tsv	yes
GM21487	GM21487_20211111_UL_eee-prom1-1A-PAI18572_guppy-5	UW	SIN:21487	ONT	20230310_hgsvc_ont_cell-UW.tsv	yes
GM21487	GM21487_20211220_UL_eee-prom1-1G-PAJ02891_guppy-5	UW	SIN:21487	ONT	20230310_hgsvc_ont_cell-UW.tsv	yes
GM21487	GM21487_20211227_UL_eee-prom1-3E-PAJ09825_guppy-5	UW	SIN:21487	ONT	20230310_hgsvc_ont_cell-UW.tsv	yes
GM21487	GM21487_20211227_UL_eee-prom1-3F-PAJ08016_guppy-5	UW	SIN:21487	ONT	20230310_hgsvc_ont_cell-UW.tsv	yes
GM21487	GM21487_20220104_UL_eee-prom1-1E-PAJ02885_guppy-5	UW	SIN:21487	ONT	20230310_hgsvc_ont_cell-UW.tsv	yes
GM21487	GM21487_20220118_UL_eee-prom1-2D-PAH36599_guppy-5	UW	SIN:21487	ONT	20230310_hgsvc_ont_cell-UW.tsv	yes
NA24385	m64011_190830_220126	PRJNA586863	SIN:24385	HiFi	external_hifi.tsv	yes
NA24385	m64011_190901_095311	PRJNA586863	SIN:24385	HiFi	external_hifi.tsv	yes
NA24385	m64012_190920_173625	PRJNA586863	SIN:24385	HiFi	external_hifi.tsv	yes
NA24385	m64012_190921_234837	PRJNA586863	SIN:24385	HiFi	external_hifi.tsv	yes
NA24385	m54329U_201103_231616	PRJNA731524	SIN:24385	HiFi	external_hifi.tsv	yes
NA24385	m64076_201013_225902	PRJNA731524	SIN:24385	HiFi	external_hifi.tsv	yes
NA24385	m64076_201016_191536	PRJNA731524	SIN:24385	HiFi	external_hifi.tsv	yes
NA24385	m64076_210309_014547	PRJNA731524	SIN:24385	HiFi	external_hifi.tsv	yes
NA24385	m64076_210310_104300	PRJNA731524	SIN:24385	HiFi	external_hifi.tsv	yes
NA24385	m64004_210224_230828	PRJNA813010	SIN:24385	HiFi	external_hifi.tsv	yes
NA24385	m64014_210227_165255	PRJNA813010	SIN:24385	HiFi	external_hifi.tsv	yes
NA24385	m64015e_210223_010616	PRJNA813010	SIN:24385	HiFi	external_hifi.tsv	yes
NA24385	m64015e_210224_100310	PRJNA813010	SIN:24385	HiFi	external_hifi.tsv	yes
NA24385	20190125_UL_ext-prom1-1-E5-H5-PAD29338_guppy-5	EEEext	SIN:24385	ONT	external_ont.tsv	yes
NA24385	20190127_UL_ext-prom1-1-A9-D9-PAD28937_guppy-5	EEEext	SIN:24385	ONT	external_ont.tsv	yes
NA24385	20190128_UL_ext-prom1-1-A9-D9-PAD28937_guppy-5	EEEext	SIN:24385	ONT	external_ont.tsv	yes
NA24385	20190128_UL_ext-prom1-1-E9-H9-PAD28926_guppy-5	EEEext	SIN:24385	ONT	external_ont.tsv	yes
NA24385	20190129_UL_ext-prom1-1-A9-D9-PAD28937_guppy-5	EEEext	SIN:24385	ONT	external_ont.tsv	yes
NA24385	20190129_UL_ext-prom1-1-E9-H9-PAD28926_guppy-5	EEEext	SIN:24385	ONT	external_ont.tsv	yes
